id,uuid,startedAtMillis,dumpedAtMillis,jvmDataJson
1,eb2de03c-067b-4e72-85f4-82018ac04f7b,1459456348372,1459456361247,"{""appName"":""sample-ltw"",""appVersion"":""1.3"",""collectorComputerId"":""4f8f96b0"",""collectorHostName"":""olles-laptop2.local"",""collectorResolutionSeconds"":2,""collectorVcsId"":""644ab92"",""collectorVersion"":""0.17.4"",""daemonComputerId"":""4f8f96b0"",""daemonHostName"":""olles-laptop2.local"",""daemonVcsId"":""0ab5ae3"",""daemonVersion"":""0.17.5"",""dumpedAtMillis"":1459456361247,""environment"":""Gradle"",""jvmUuid"":""eb2de03c-067b-4e72-85f4-82018ac04f7b"",""methodVisibility"":""private"",""packages"":""sample, foo.bar"",""excludePackages"":""sample.lib.excluded"",""startedAtMillis"":1459456348372,""tags"":""java.runtime.name=Java(TM) SE Runtime Environment, java.runtime.version=1.8.0_66-b17, os.arch=amd64, os.name=Linux, os.version=4.2.0-34-generic, development, sample""}"
2,37983f38-d6c6-44ea-8d80-0cb93e1036a0,1459491081621,1459491094527,"{""appName"":""sample-ltw"",""appVersion"":""1.3"",""collectorComputerId"":""4f8f96b0"",""collectorHostName"":""olles-laptop2.local"",""collectorResolutionSeconds"":2,""collectorVcsId"":""0ab5ae3"",""collectorVersion"":""0.17.5"",""daemonComputerId"":""4f8f96b0"",""daemonHostName"":""olles-laptop2.local"",""daemonVcsId"":""0ab5ae3"",""daemonVersion"":""0.17.5"",""dumpedAtMillis"":1459491086629,""environment"":""Gradle"",""jvmUuid"":""37983f38-d6c6-44ea-8d80-0cb93e1036a0"",""methodVisibility"":""private"",""packages"":""sample, foo.bar"",""excludePackages"":""sample.lib.excluded"",""startedAtMillis"":1459491081621,""tags"":""java.runtime.name=Java(TM) SE Runtime Environment, java.runtime.version=1.8.0_66-b17, os.arch=amd64, os.name=Linux, os.version=4.2.0-34-generic, development, sample""}"
33,34e8fb24-3ee2-4b57-9e51-faad55d3e592,1459717108462,1459717121371,"{""appName"":""sample-ltw"",""appVersion"":""1.3"",""collectorComputerId"":""38fed925"",""collectorHostName"":""olles-laptop2.local"",""collectorResolutionSeconds"":2,""collectorVcsId"":""d0b3cfc"",""collectorVersion"":""0.17.6"",""daemonComputerId"":""38fed925"",""daemonHostName"":""olles-laptop2.local"",""daemonVcsId"":""@git.id@"",""daemonVersion"":""@gradle.version@"",""dumpedAtMillis"":1459717113470,""environment"":""Gradle"",""jvmUuid"":""34e8fb24-3ee2-4b57-9e51-faad55d3e592"",""methodVisibility"":""private"",""packages"":""sample, foo.bar"",""excludePackages"":""sample.lib.excluded"",""startedAtMillis"":1459717108462,""tags"":""java.runtime.name=Java(TM) SE Runtime Environment, java.runtime.version=1.8.0_66-b17, os.arch=amd64, os.name=Linux, os.version=4.2.0-34-generic, development, sample""}"
65,83e47c06-bcc3-498a-b00a-38db789ac6b1,1459717964603,1459717977576,"{""appName"":""sample-ltw"",""appVersion"":""1.3"",""collectorComputerId"":""38fed925"",""collectorHostName"":""olles-laptop2.local"",""collectorResolutionSeconds"":2,""collectorVcsId"":""d0b3cfc"",""collectorVersion"":""0.17.6"",""daemonComputerId"":""38fed925"",""daemonHostName"":""olles-laptop2.local"",""daemonVcsId"":""@git.id@"",""daemonVersion"":""@gradle.version@"",""dumpedAtMillis"":1459717977576,""environment"":""Gradle"",""jvmUuid"":""83e47c06-bcc3-498a-b00a-38db789ac6b1"",""methodVisibility"":""private"",""packages"":""sample, foo.bar"",""excludePackages"":""sample.lib.excluded"",""startedAtMillis"":1459717964603,""tags"":""java.runtime.name=Java(TM) SE Runtime Environment, java.runtime.version=1.8.0_66-b17, os.arch=amd64, os.name=Linux, os.version=4.2.0-34-generic, development, sample""}"
