id,visibility,signature,createdAtMillis,declaringType,exceptionTypes,methodName,modifiers,packageName,parameterTypes,returnType
1,private,sample.lib.used.Bar1.privateMethodUsed(),1459491086955,,,,,,,
2,private,sample.app.SampleApp.invokeTracked(int),1459491086976,,,,,,,
3,private,sample.app.SampleApp.invokeUntracked(int),1459491086980,,,,,,,
4,private,sample.app.SampleApp.invokeUntrackedLogged(int),1459491086984,,,,,,,
5,private,sample.app.SampleApp.measureMethodCallTrackingOverhead(),1459491086988,,,,,,,
6,private,"sample.app.SampleApp.tryToLoadClass(java.lang.String, boolean)",1459491086992,,,,,,,
7,public,sample.app.TrackedClass.publicMethod(),1459491086999,,,,,,,
8,public,sample.lib.used.Bar1.declaredOnBar(),1459491087003,,,,,,,
9,public,sample.app.SampleApp.main(java.lang.String[]),1459491087006,,,,,,,
10,public,sample.app.SampleApp.run(),1459491087009,,,,,,,
11,public,sample.lib.used.Bar2.declaredOnBar2(),1459491097073,,,,,,,
